<?xml version="1.0" encoding="UTF-8"?>
<project-private xmlns="http://www.netbeans.org/ns/project-private/1">
    <editor-bookmarks xmlns="http://www.netbeans.org/ns/editor-bookmarks/2" lastBookmarkId="0"/>
    <open-files xmlns="http://www.netbeans.org/ns/projectui-open-files/2">
        <group>
            <file>file:/C:/xampp/htdocs/GestionePalestra/application/views/responsabile/creazioneScheda.php</file>
            <file>file:/C:/xampp/htdocs/GestionePalestra/application/models/responsabile.php</file>
            <file>file:/C:/xampp/htdocs/GestionePalestra/application/controller/responsabileController.php</file>
            <file>file:/C:/xampp/htdocs/GestionePalestra/application/models/scheda.php</file>
        </group>
    </open-files>
</project-private>
